svId	clusterId	clusterReason	fragileSiteStart	fragileSiteEnd	isFoldback	lineTypeStart	lineTypeEnd	ploidyMin	ploidyMax	geneStart	geneEnd	replicationTimingStart	replicationTimingEnd	localTopologyIdStart	localTopologyIdEnd	localTopologyStart	localTopologyEnd	localTICountStart	localTICountEnd
1	0		false	false	false	None	None	0.0452	1.7879	FPGT-TNNI3K;TNNI3K	FPGT-TNNI3K;TNNI3K	0.1656	0.1656	0	0	DSB	DSB	0	0
3	2	Prox_4	false	false	false	None	None	-0.2157	0.3233			0.2457	0.3063	0	1	DSB	DSB	0	0
4	2	Prox_3	false	false	false	None	None	-0.2159	0.3234			0.2457	0.3063	0	1	DSB	DSB	0	0
5	3		false	false	false	None	None	0.1948	1.9242	LRRTM4	LRRTM4	0.1820	0.1821	0	0	DSB	DSB	0	0
6	4		false	false	false	None	None	-0.0212	1.6526	KCNH7	KCNH7	0.2603	0.2599	0	0	DSB	DSB	0	0
7	6		true	true	false	None	None	0.8868	1.2258	FHIT	FHIT	0.0635	0.1689	0	1	ISOLATED_BE	ISOLATED_BE	0	0
8	1	Prox_24	false	false	false	None	None	0.0183	1.7133			0.2301	0.7371	0	1	DSB	DSB	0	0
9	8		true	true	false	None	None	0.7029	1.2076	CCSER1	CCSER1	0.5149	0.4975	0	1	ISOLATED_BE	ISOLATED_BE	0	0
10	9		false	false	false	None	None	0.0574	1.8038	AC108142.1	AC108142.1	0.5263	0.5263	0	0	DSB	DSB	0	0
11	1	Prox_8	false	false	false	None	None	0.6409	1.0587			0.7371	0.1414	1	2	DSB	DSB	0	0
13	11		false	false	false	None	None	0.2734	1.9996	AC091969.1	AC091969.1	0.0718	0.0719	0	0	DSB	DSB	0	0
14	13	Prox_15	false	false	false	None	None	0.0534	1.7121			0.5305	0.3832	0	1	DSB	DSB	0	0
15	13	Prox_14	false	false	false	None	None	0.1225	1.7891			0.5305	0.3832	0	1	DSB	DSB	0	0
16	14	Prox_17	false	false	false	None	None	-0.1537	1.4787			0.5577	0.5568	0	0	DSB	DSB	1	1
17	14	Prox_16	false	false	false	None	None	0.4554	1.3244			0.5568	0.5549	0	0	DSB	DSB	1	1
18	15		false	false	false	None	None	0.7264	1.3932	RP11-86L19.2	RP11-86L19.2	0.2040	0.2038	0	0	DSB	DSB	0	0
19	5		false	false	false	None	None	0.1351	1.8618			0.4382	0.4382	0	0	DSB	DSB	0	0
20	7		false	false	false	None	None	-0.2140	1.4916	SAMD4A	SAMD4A	0.6985	0.6985	0	0	DSB	DSB	0	0
21	10		false	false	false	None	None	-0.0213	1.7058	RP11-83J16.3	RP11-83J16.3	0.7075	0.7075	0	0	DSB	DSB	0	0
22	12		false	false	false	None	None	0.2194	1.9739	SPECC1;AC004702.2	SPECC1;AC004702.2	0.7236	0.7236	0	0	DSB	DSB	0	0
24	1	Prox_8	false	false	false	None	None	0.7398	1.1600			0.2301	0.1889	0	3	DSB	DSB	0	0
25	1	Prox_11	false	false	false	None	None	0.7595	1.0576	FBXL7	FBXL7	0.1414	0.1889	2	3	DSB	DSB	0	0
